Name,Gender,Age,City,Department,Salary,Email
Tariq,Male,47.0,Karachi, Sales ,123609.72,tariq76@gmail.com
Hina,Female,26.0,Quetta,HR,125683.94,hina90@gmail.com
Usman,Male,36.0,lahore, Sales ,,usman71@gmail.com
Sana,Female,21.0,Quetta,Finance,147901.41,sana72@gmail.com
Ayesha,Male,40.0,lahore,HR,123880.8,ayesha25@gmail.com
Ahmed,Male,,Quetta,Finance,50115.7,ahmed33@gmail.com
Bilal,Female,60.0,Peshawar,Finance,32984.18,bilal93@gmail.com
Ahmed,Female,,Quetta,IT,,ahmed89@gmail.com
Usman,Male,,Quetta,Sales,,usman35@gmail.com
Sara,Female,,Islamabad,Finance,127273.37,sara73@gmail.com
Ahmed,Female,,Karachi,Finance,125917.01,ahmed48@gmail.com
Ahmed,Male,,Quetta,Finance,43153.97,ahmed44@gmail.com
Sana,Male,49.0,Karachi,Sales,128192.85,sana54@gmail.com
Ali,Female,,Peshawar,HR,133554.55,ali88@gmail.com
Usman,Female,,Islamabad,Marketing,39515.87,usman3@gmail.com
Ahmed,Female,,Quetta,Sales,,ahmed40@gmail.com
Usman,Female,,Lahore,IT,132153.37,usman15@gmail.com
Bilal,Male,,Quetta,IT,149944.07,bilal71@gmail.com
Sara,Female,,Karachi,HR,,sara96@gmail.com
Tariq,Male,,Lahore, HR ,,tariq17@gmail.com